row_id,target
0-4,0.0010807191833159503
0-32,0.0038804095369522444
0-34,0.0038804095369522444
